{
	"credit": "Made with Blockbench, a free, modern block model editor by JannisX11",
	"textures": {"texture": "agriflora:items/enderia"},
	"elements": [
		{
			"name": "cube",
			"from": [0, 0, 8],
			"to": [16, 16, 8.001],
			"rotation": {
				"angle": 45,
				"axis": "y",
				"origin": [8, 8, 8.000499999999999]
			},
			"faces": {
				"east": {
					"uv": [7.999, 0, 8, 16],
					"texture": "#texture"
				},
				"south": {
					"uv": [0, 0, 16, 16],
					"texture": "#texture"
				},
				"up": {
					"uv": [0, 8, 16, 8.000999],
					"texture": "#texture"
				},
				"down": {
					"uv": [0, 7.999, 16, 8],
					"texture": "#texture"
				}
			}
		},
		{
			"name": "cube",
			"from": [7.999, 0, 0],
			"to": [8, 16, 16],
			"rotation": {
				"angle": 45,
				"axis": "y",
				"origin": [7.999499999999999, 8, 8]
			},
			"faces": {
				"north": {
					"uv": [8, 0, 8.001, 16],
					"texture": "#texture"
				},
				"west": {
					"uv": [0, 0, 16, 16],
					"texture": "#texture"
				},
				"up": {
					"uv": [0, 8, 16, 8.000999],
					"texture": "#texture",
					"rotation": 90
				},
				"down": {
					"uv": [0, 7.999, 16, 8],
					"texture": "#texture",
					"rotation": 270
				}
			}
		}
	],
	"display": {
		"thirdperson_righthand": {
			"rotation": [-3, 45, 0],
			"translation": [0, 1.8043, 0.6956],
			"scale": [0.375, 0.375, 0.375]
		},
		"thirdperson_lefthand": {
			"rotation": [-3, 45, 0],
			"translation": [0, 1.8043, 0.6956],
			"scale": [0.375, 0.375, 0.375]
		},
		"firstperson_righthand": {
			"rotation": [0, -90, 25],
			"translation": [1.13, 3.2, 1.13],
			"scale": [0.68, 0.68, 0.68]
		},
		"firstperson_lefthand": {
			"rotation": [0, 90, -25],
			"translation": [1.13, 3.2, 1.13],
			"scale": [0.68, 0.68, 0.68]
		},
		"gui": {
			"rotation": [19, 225, 0],
			"scale": [0.625, 0.625, 0.625]
		},
		"head": {
			"translation": [0, -28, 0],
			"scale": [2.5, 2.5, 2.5]
		},
		"ground": {
			"translation": [0, 2, 0],
			"scale": [0.5, 0.5, 0.5]
		}
	}
}