{
	"credit": "Made with Blockbench, a free, modern block model editor by JannisX11",
	"textures": {
		"0": "agriflora:blocks/ore_crop1",
		"particle": "agriflora:blocks/ore_crop1"
	},
	"elements": [
		{
			"from": [0, 0, 4],
			"to": [16, 16, 4.001],
			"faces": {
				"south": {"uv": [0, 0, 16, 16], "texture": "#0", "tintindex":0}
			}
		},
		{
			"from": [0, 0, 12],
			"to": [16, 16, 12.001],
			"faces": {
				"south": {"uv": [0, 0, 16, 16], "texture": "#0", "tintindex":0}
			}
		},
		{
			"from": [0, 0, 8],
			"to": [16, 16, 8.001],
			"faces": {
				"south": {"uv": [0, 0, 16, 16], "texture": "#0", "tintindex":0}
			}
		},
		{
			"from": [3.999, 0, 0],
			"to": [4, 16, 16],
			"faces": {
				"west": {"uv": [0, 0, 16, 16], "texture": "#0", "tintindex":0}
			}
		},
		{
			"from": [11.999, 0, 0],
			"to": [12, 16, 16],
			"faces": {
				"west": {"uv": [0, 0, 16, 16], "texture": "#0", "tintindex":0}
			}
		},
		{
			"from": [7.999, 0, 0],
			"to": [8, 16, 16],
			"faces": {
				"west": {"uv": [0, 0, 16, 16], "texture": "#0", "tintindex":0}
			}
		}
	],
	"display": {
		"thirdperson_righthand": {
			"rotation": [-3, 45, 0],
			"translation": [0, 1.8043, 0.6956],
			"scale": [0.375, 0.375, 0.375]
		},
		"thirdperson_lefthand": {
			"rotation": [-3, 45, 0],
			"translation": [0, 1.8043, 0.6956],
			"scale": [0.375, 0.375, 0.375]
		},
		"firstperson_righthand": {
			"rotation": [0, -90, 25],
			"translation": [1.13, 3.2, 1.13],
			"scale": [0.68, 0.68, 0.68]
		},
		"firstperson_lefthand": {
			"rotation": [0, 90, -25],
			"translation": [1.13, 3.2, 1.13],
			"scale": [0.68, 0.68, 0.68]
		},
		"gui": {
			"rotation": [19, 225, 0],
			"scale": [0.625, 0.625, 0.625]
		},
		"head": {
			"translation": [0, -28, 0],
			"scale": [2.5, 2.5, 2.5]
		},
		"ground": {
			"translation": [0, 2, 0],
			"scale": [0.5, 0.5, 0.5]
		}
	}
}