{
	"credit": "Made with Blockbench, a free, modern block model editor by JannisX11",
	"textures": {
		"0": "agriflora:mobs/elderman",
		"1": "items/ender_pearl",
		"particle": "agriflora:mobs/elderman"
	},
	"elements": [
		{
			"name": "cube",
			"from": [6, 0, 5],
			"to": [10, 4, 6],
			"faces": {
				"north": {"uv": [7, 6, 11, 10], "texture": "#1"},
				"east": {"uv": [7, 6, 8, 10], "texture": "#1"},
				"south": {"uv": [7, 7, 11, 11], "texture": "#1"},
				"west": {"uv": [7, 6, 8, 10], "texture": "#1"},
				"up": {"uv": [7, 10, 11, 11], "texture": "#1"},
				"down": {"uv": [7, 10, 11, 11], "texture": "#1"}
			},
			"type": "cube"
		},
		{
			"name": "cube",
			"from": [7, 4, 5],
			"to": [9, 6, 6],
			"faces": {
				"north": {"uv": [0, 0, 2, 2], "texture": "#0"},
				"east": {"uv": [0, 0, 1, 2], "texture": "#0"},
				"south": {"uv": [0, 0, 2, 2], "texture": "#0"},
				"west": {"uv": [0, 0, 1, 2], "texture": "#0"},
				"up": {"uv": [0, 0, 2, 1], "texture": "#0"},
				"down": {"uv": [0, 0, 2, 1], "texture": "#0"}
			},
			"type": "cube"
		},
		{
			"name": "cube",
			"from": [9, 6, 5],
			"to": [10, 11, 6],
			"faces": {
				"north": {"uv": [15, 4, 16, 9], "texture": "#0"},
				"east": {"uv": [15, 4, 16, 9], "texture": "#0"},
				"south": {"uv": [15, 4, 16, 9], "texture": "#0"},
				"west": {"uv": [15, 4, 16, 9], "texture": "#0"},
				"up": {"uv": [0, 0, 1, 1], "texture": "#0"},
				"down": {"uv": [0, 0, 1, 1], "texture": "#0"}
			},
			"type": "cube"
		},
		{
			"name": "cube",
			"from": [6, 6, 5],
			"to": [7, 11, 6],
			"faces": {
				"north": {"uv": [15, 4, 16, 9], "texture": "#0"},
				"east": {"uv": [15, 4, 16, 9], "texture": "#0"},
				"south": {"uv": [15, 4, 16, 9], "texture": "#0"},
				"west": {"uv": [15, 4, 16, 9], "texture": "#0"},
				"up": {"uv": [0, 0, 1, 1], "texture": "#0"},
				"down": {"uv": [0, 0, 1, 1], "texture": "#0"}
			},
			"type": "cube"
		},
		{
			"name": "cube",
			"from": [5, 11, 5],
			"to": [6, 12, 11],
			"faces": {
				"north": {"uv": [0, 0, 1, 1], "texture": "#0"},
				"east": {"uv": [0, 0, 6, 1], "texture": "#0"},
				"south": {"uv": [0, 0, 1, 1], "texture": "#0"},
				"west": {"uv": [0, 0, 6, 1], "texture": "#0"},
				"up": {"uv": [15, 4, 16, 10], "texture": "#0"},
				"down": {"uv": [15, 4, 16, 10], "texture": "#0"}
			},
			"type": "cube"
		},
		{
			"name": "cube",
			"from": [10, 11, 5],
			"to": [11, 12, 11],
			"faces": {
				"north": {"uv": [0, 0, 1, 1], "texture": "#0"},
				"east": {"uv": [0, 0, 6, 1], "texture": "#0"},
				"south": {"uv": [0, 0, 1, 1], "texture": "#0"},
				"west": {"uv": [0, 0, 6, 1], "texture": "#0"},
				"up": {"uv": [15, 4, 16, 10], "texture": "#0"},
				"down": {"uv": [15, 4, 16, 10], "texture": "#0"}
			},
			"type": "cube"
		},
		{
			"name": "cube",
			"from": [6, 10, 10],
			"to": [10, 11, 11],
			"faces": {
				"north": {"uv": [0, 0, 4, 1], "texture": "#0"},
				"east": {"uv": [0, 0, 1, 1], "texture": "#0"},
				"south": {"uv": [0, 0, 4, 1], "texture": "#0"},
				"west": {"uv": [0, 0, 1, 1], "texture": "#0"},
				"up": {"uv": [0, 0, 4, 1], "texture": "#0"},
				"down": {"uv": [0, 0, 4, 1], "texture": "#0"}
			},
			"type": "cube"
		}
	],
	"display": {
		"thirdperson_righthand": {
			"scale": [0.55, 0.55, 0.55],
			"rotation": [0, 0, 0],
			"translation": [0, -2, 0.5]
		},
		"thirdperson_lefthand": {
			"translation": [-6, -2, 9],
			"rotation": [69, 0, -3],
			"scale": [1, 1, 1]
		},
		"firstperson_righthand": {
			"rotation": [0, 0, 0],
			"translation": [0, 2, 0],
			"scale": [0.68, 0.68, 0.68]
		},
		"firstperson_lefthand": {
			"scale": [0.68, 0.68, 0.68],
			"translation": [0, 2, 0]
		},
		"head": {
			"scale": [1, 1, 1],
			"rotation": [0, 180, 0],
			"translation": [0, 13, 7]
		},
		"ground": {
			"scale": [0.5, 0.5, 0.5],
			"rotation": [0, 0, 0],
			"translation": [0, 2, 0]
		},
		"fixed": {
			"scale": [1, 1, 1],
			"translation": [0, 2.5, 2]
		},
		"gui": {
			"scale": [1, 1, 1],
			"translation": [0, 2.5, 0]
		}
	}
}