{
	"credit": "Made with Blockbench, a free, modern block model editor by JannisX11",
	"textures": {
		"0": "agriflora:mobs/stray_1",
		"1": "agriflora:mobs/stray_2",
		"particle": "agriflora:mobs/stray_1"
	},
	"elements": [
		{
			"name": "cube",
			"from": [4, 0, 6],
			"to": [12, 12, 10],
			"faces": {
				"north": {"uv": [10, 10, 14, 16], "texture": "#0"},
				"east": {"uv": [4, 10, 6, 16], "texture": "#0"},
				"south": {"uv": [0, 10, 4, 16], "texture": "#1"},
				"west": {"uv": [4, 10, 6, 16], "texture": "#0"},
				"up": {"uv": [10, 8, 14, 10], "texture": "#0"},
				"down": {"uv": [0, 8, 4, 10], "texture": "#0"}
			},
			"type": "cube"
		},
		{
			"name": "cube",
			"from": [0, 0, 6],
			"to": [4, 12, 10],
			"faces": {
				"north": {"uv": [6, 10, 8, 16], "texture": "#0"},
				"east": {"uv": [0, 10, 2, 16], "texture": "#0"},
				"south": {"uv": [10, 10, 12, 16], "texture": "#1"},
				"west": {"uv": [2, 10, 4, 16], "texture": "#0"},
				"up": {"uv": [6, 8, 8, 10], "texture": "#1"},
				"down": {"uv": [4, 8, 6, 10], "texture": "#1"}
			},
			"type": "cube"
		},
		{
			"name": "cube",
			"from": [12, 0, 6],
			"to": [16, 12, 10],
			"faces": {
				"north": {"uv": [8, 10, 10, 16], "texture": "#0"},
				"east": {"uv": [8, 10, 10, 16], "texture": "#0"},
				"south": {"uv": [4, 10, 6, 16], "texture": "#1"},
				"west": {"uv": [14, 10, 16, 16], "texture": "#0"},
				"up": {"uv": [6, 8, 8, 10], "texture": "#1"},
				"down": {"uv": [4, 8, 6, 10], "texture": "#1"}
			},
			"type": "cube"
		},
		{
			"name": "cube",
			"from": [4, -11, 6],
			"to": [12, 0, 10],
			"faces": {
				"north": {"uv": [6, 10, 10, 16], "texture": "#0"},
				"east": {"uv": [14, 10, 16, 16], "texture": "#0"},
				"south": {"uv": [4, 0, 8, 6], "texture": "#0"},
				"west": {"uv": [8, 10, 10, 16], "texture": "#0"},
				"up": {"uv": [0, 0, 4, 2], "texture": "#0"},
				"down": {"uv": [0, 2, 4, 4], "texture": "#0"}
			},
			"type": "cube"
		}
	],
	"display": {
		"head": {
			"scale": [1.7, 1.7, 1.7],
			"translation": [0, -51, 0]
		}
	}
}