{
	"credit": "Made with Blockbench, a free, modern block model editor by JannisX11",
	"textures": {
		"0": "agriflora:mobs/elderman",
		"particle": "agriflora:mobs/elderman"
	},
	"elements": [
		{
			"name": "cube",
			"from": [11, 8, 7],
			"to": [13, 13, 9],
			"faces": {
				"north": {"uv": [7, 4, 9, 9], "texture": "#0"},
				"east": {"uv": [9, 4, 11, 9], "texture": "#0"},
				"south": {"uv": [7, 4, 9, 9], "texture": "#0"},
				"west": {"uv": [9, 4, 11, 9], "texture": "#0"},
				"up": {"uv": [8, 4, 10, 6], "texture": "#0"},
				"down": {"uv": [4, 4, 6, 6], "texture": "#0"}
			},
			"rotation": {
				"origin": [14, 16, 8],
				"axis": "y",
				"angle": 0
			},
			"type": "cube"
		},
		{
			"name": "cube",
			"from": [5, 0, 7],
			"to": [7, 5, 9],
			"faces": {
				"north": {"uv": [7, 4, 9, 9], "texture": "#0"},
				"east": {"uv": [9, 4, 11, 9], "texture": "#0"},
				"south": {"uv": [7, 4, 9, 9], "texture": "#0"},
				"west": {"uv": [9, 4, 11, 9], "texture": "#0"},
				"up": {"uv": [8, 4, 10, 6], "texture": "#0"},
				"down": {"uv": [4, 4, 6, 6], "texture": "#0"}
			},
			"rotation": {
				"origin": [8, 8, 8],
				"axis": "y",
				"angle": 0
			},
			"type": "cube"
		},
		{
			"name": "cube",
			"from": [3, 8, 7],
			"to": [5, 13, 9],
			"faces": {
				"north": {"uv": [9, 4, 11, 9], "texture": "#0"},
				"east": {"uv": [7, 4, 9, 9], "texture": "#0"},
				"south": {"uv": [9, 4, 11, 9], "texture": "#0"},
				"west": {"uv": [7, 4, 9, 9], "texture": "#0"},
				"up": {"uv": [8, 4, 10, 6], "texture": "#0"},
				"down": {"uv": [4, 4, 6, 6], "texture": "#0"}
			},
			"rotation": {
				"origin": [8, 8, 8],
				"axis": "y",
				"angle": 0
			},
			"type": "cube"
		},
		{
			"name": "cube",
			"from": [9, 0, 7],
			"to": [11, 5, 9],
			"faces": {
				"north": {"uv": [9, 4, 11, 9], "texture": "#0"},
				"east": {"uv": [7, 4, 9, 9], "texture": "#0"},
				"south": {"uv": [9, 4, 11, 9], "texture": "#0"},
				"west": {"uv": [7, 4, 9, 9], "texture": "#0"},
				"up": {"uv": [8, 4, 10, 6], "texture": "#0"},
				"down": {"uv": [4, 4, 6, 6], "texture": "#0"}
			},
			"type": "cube"
		},
		{
			"name": "cube",
			"from": [5, 5, 7],
			"to": [11, 13, 9],
			"faces": {
				"north": {"uv": [0, 4, 6, 11], "texture": "#0"},
				"east": {"uv": [0, 4, 2, 10], "texture": "#0"},
				"south": {"uv": [0, 4, 6, 11], "texture": "#0"},
				"west": {"uv": [0, 4, 2, 10], "texture": "#0"},
				"up": {"uv": [0, 4, 6, 11], "texture": "#0"},
				"down": {"uv": [0, 4, 6, 11], "texture": "#0"}
			},
			"type": "cube"
		},
		{
			"name": "cube",
			"from": [5, 13, 5],
			"to": [11, 19, 11],
			"faces": {
				"north": {"uv": [0, 10, 6, 16], "texture": "#0"},
				"east": {"uv": [6, 10, 12, 16], "texture": "#0"},
				"south": {"uv": [6, 10, 12, 16], "texture": "#0"},
				"west": {"uv": [6, 10, 12, 16], "texture": "#0"},
				"up": {"uv": [6, 4, 12, 10], "texture": "#0"},
				"down": {"uv": [0, 4, 6, 10], "texture": "#0"}
			},
			"type": "cube"
		},
		{
			"name": "cube",
			"from": [7, 9, 6],
			"to": [9, 11, 7],
			"faces": {
				"north": {"uv": [13, 1, 15, 3], "texture": "#0"},
				"east": {"uv": [13, 1, 14, 3], "texture": "#0"},
				"south": {"uv": [13, 1, 15, 3], "texture": "#0"},
				"west": {"uv": [13, 1, 14, 3], "texture": "#0"},
				"up": {"uv": [13, 1, 15, 2], "texture": "#0"},
				"down": {"uv": [13, 1, 15, 2], "texture": "#0"}
			},
			"type": "cube"
		},
		{
			"name": "cube",
			"from": [9, 11, 6],
			"to": [10, 13, 7],
			"faces": {
				"north": {"uv": [0, 0, 1, 2], "texture": "#0"},
				"east": {"uv": [0, 0, 1, 2], "texture": "#0"},
				"south": {"uv": [0, 0, 1, 2], "texture": "#0"},
				"west": {"uv": [0, 0, 1, 2], "texture": "#0"},
				"up": {"uv": [0, 0, 1, 1], "texture": "#0"},
				"down": {"uv": [0, 0, 1, 1], "texture": "#0"}
			},
			"type": "cube"
		},
		{
			"name": "cube",
			"from": [6, 11, 6],
			"to": [7, 13, 7],
			"faces": {
				"north": {"uv": [0, 0, 1, 2], "texture": "#0"},
				"east": {"uv": [0, 0, 1, 2], "texture": "#0"},
				"south": {"uv": [0, 0, 1, 2], "texture": "#0"},
				"west": {"uv": [0, 0, 1, 2], "texture": "#0"},
				"up": {"uv": [0, 0, 1, 1], "texture": "#0"},
				"down": {"uv": [0, 0, 1, 1], "texture": "#0"}
			},
			"type": "cube"
		},
		{
			"name": "cube",
			"from": [6, 19, 6],
			"to": [10, 20, 10],
			"faces": {
				"north": {"uv": [12, 0, 16, 1], "texture": "#0"},
				"east": {"uv": [12, 0, 16, 1], "texture": "#0"},
				"south": {"uv": [12, 0, 16, 1], "texture": "#0"},
				"west": {"uv": [12, 0, 16, 1], "texture": "#0"},
				"up": {"uv": [12, 0, 16, 4], "texture": "#0"},
				"down": {"uv": [12, 0, 16, 4], "texture": "#0"}
			},
			"type": "cube"
		},
		{
			"name": "cube",
			"from": [6, 12, 9],
			"to": [10, 13, 10],
			"faces": {
				"north": {"uv": [0, 0, 4, 1], "texture": "#0"},
				"east": {"uv": [0, 0, 1, 1], "texture": "#0"},
				"south": {"uv": [0, 0, 4, 1], "texture": "#0"},
				"west": {"uv": [0, 0, 1, 1], "texture": "#0"},
				"up": {"uv": [0, 0, 4, 1], "texture": "#0"},
				"down": {"uv": [0, 0, 4, 1], "texture": "#0"}
			},
			"type": "cube"
		}
	],
	"display": {
		"head": {
			"scale": [2, 2, 2],
			"translation": [0, -14.5, 0]
		}
	}
}