{
    "parent": "item/handheld",
    "textures": {
        "layer0": "items/iron_hoe"
    },
	"overrides": [
		{ "predicate": {"damaged": 1, "damage": 0}, "model": "item/iron_hoe"},
		{ "predicate": {"damaged": 0, "damage": 0}, "model": "item/iron_hoe"},
		{ "predicate": {"damaged": 1, "damage": 0.004}, "model": "item/iron_hoe"},
		{ "predicate": {"damaged": 0, "damage": 0.004}, "model": "agriflora:blocks/lifestone"},
		{ "predicate": {"damaged": 0, "damage": 0.008}, "model": "agriflora:blocks/lifestone_bricks"},
		{ "predicate": {"damaged": 0, "damage": 0.012}, "model": "agriflora:blocks/lifewood"},
		{ "predicate": {"damaged": 0, "damage": 0.016}, "model": "agriflora:blocks/lifewood_planks"},
		{ "predicate": {"damaged": 0, "damage": 0.02}, "model": "agriflora:blocks/lifewood_slabs"},
		{ "predicate": {"damaged": 0, "damage": 0.024}, "model": "agriflora:blocks/mana_cauldron"},
		{ "predicate": {"damaged": 0, "damage": 0.028}, "model": "agriflora:blocks/pedestal"},
		{ "predicate": {"damaged": 0, "damage": 0.032}, "model": "agriflora:flowers/aureum_rose"},
		{ "predicate": {"damaged": 0, "damage": 0.036}, "model": "agriflora:flowers/aureum_rose_item"},
		{ "predicate": {"damaged": 0, "damage": 0.04}, "model": "agriflora:flowers/coalshroom"},
		{ "predicate": {"damaged": 0, "damage": 0.044}, "model": "agriflora:flowers/coalshroom_item"},
		{ "predicate": {"damaged": 0, "damage": 0.048}, "model": "agriflora:flowers/dimon"},
		{ "predicate": {"damaged": 0, "damage": 0.052}, "model": "agriflora:flowers/dimon_item"},
		{ "predicate": {"damaged": 0, "damage": 0.056}, "model": "agriflora:flowers/emral"},
		{ "predicate": {"damaged": 0, "damage": 0.06}, "model": "agriflora:flowers/emral_item"},
		{ "predicate": {"damaged": 0, "damage": 0.064}, "model": "agriflora:flowers/enderia"},
		{ "predicate": {"damaged": 0, "damage": 0.068}, "model": "agriflora:flowers/enderia_item"},
		{ "predicate": {"damaged": 0, "damage": 0.072}, "model": "agriflora:flowers/flintlun"},
		{ "predicate": {"damaged": 0, "damage": 0.076}, "model": "agriflora:flowers/flintlun_item"},
		{ "predicate": {"damaged": 0, "damage": 0.08}, "model": "agriflora:flowers/iron_weed"},
		{ "predicate": {"damaged": 0, "damage": 0.084}, "model": "agriflora:flowers/iron_weed_item"},
		{ "predicate": {"damaged": 0, "damage": 0.088}, "model": "agriflora:flowers/lazulia"},
		{ "predicate": {"damaged": 0, "damage": 0.092}, "model": "agriflora:flowers/lazulia_item"},
		{ "predicate": {"damaged": 0, "damage": 0.096}, "model": "agriflora:flowers/quartzelia"},
		{ "predicate": {"damaged": 0, "damage": 0.1}, "model": "agriflora:flowers/quartzelia_item"},
		{ "predicate": {"damaged": 0, "damage": 0.104}, "model": "agriflora:flowers/redstun"},
		{ "predicate": {"damaged": 0, "damage": 0.108}, "model": "agriflora:flowers/redstun_item"},
		{ "predicate": {"damaged": 0, "damage": 0.112}, "model": "agriflora:flowers/vudolia"},
		{ "predicate": {"damaged": 0, "damage": 0.116}, "model": "agriflora:flowers/vudolia_item"},
		{ "predicate": {"damaged": 0, "damage": 0.12}, "model": "agriflora:gui-mobs/background"},
		{ "predicate": {"damaged": 0, "damage": 0.124}, "model": "agriflora:gui-mobs/cloth"},
		{ "predicate": {"damaged": 0, "damage": 0.128}, "model": "agriflora:gui-mobs/cloth2"},
		{ "predicate": {"damaged": 0, "damage": 0.132}, "model": "agriflora:gui-mobs/elderman"},
		{ "predicate": {"damaged": 0, "damage": 0.136}, "model": "agriflora:item/lev_pendant"},
		{ "predicate": {"damaged": 0, "damage": 0.14}, "model": "agriflora:item/soul"},
		{ "predicate": {"damaged": 0, "damage": 0.144}, "model": "agriflora:item/tp_pendant"},
		{ "predicate": {"damaged": 0, "damage": 0.148}, "model": "agriflora:tools/diamond_sickle"},
		{ "predicate": {"damaged": 0, "damage": 0.152}, "model": "agriflora:tools/golden_sickle"},
		{ "predicate": {"damaged": 0, "damage": 0.156}, "model": "agriflora:tools/iron_sickle"},
		{ "predicate": {"damaged": 0, "damage": 0.16}, "model": "agriflora:tools/stone_sickle"},
		{ "predicate": {"damaged": 0, "damage": 0.164}, "model": "agriflora:tools/wooden_sickle"},
		{ "predicate": {"damaged": 0, "damage": 0.168}, "model": "agriflora:tools/mortar"},
		{ "predicate": {"damaged": 0, "damage": 0.172}, "model": "agriflora:tools/soul_key"},
		{ "predicate": {"damaged": 0, "damage": 0.176}, "model": "agriflora:item/coal_seeds"},
		{ "predicate": {"damaged": 0, "damage": 0.180}, "model": "agriflora:item/iron_seeds"},
		{ "predicate": {"damaged": 0, "damage": 0.184}, "model": "agriflora:item/gold_seeds"},
		{ "predicate": {"damaged": 0, "damage": 0.188}, "model": "agriflora:item/redstone_seeds"},
		{ "predicate": {"damaged": 0, "damage": 0.192}, "model": "agriflora:item/quartz_seeds"},
		{ "predicate": {"damaged": 0, "damage": 0.196}, "model": "agriflora:item/lapis_seeds"},
		{ "predicate": {"damaged": 0, "damage": 0.2}, "model": "agriflora:item/ender_seeds"},
		{ "predicate": {"damaged": 0, "damage": 0.204}, "model": "agriflora:item/flint_seeds"},
		{ "predicate": {"damaged": 0, "damage": 0.208}, "model": "agriflora:item/diamond_seeds"},
		{ "predicate": {"damaged": 0, "damage": 0.212}, "model": "agriflora:item/emerald_seeds"},
		{ "predicate": {"damaged": 0, "damage": 0.216}, "model": "agriflora:item/coal_seed"},
		{ "predicate": {"damaged": 0, "damage": 0.22}, "model": "agriflora:item/iron_seed"},
		{ "predicate": {"damaged": 0, "damage": 0.224}, "model": "agriflora:item/gold_seed"},
		{ "predicate": {"damaged": 0, "damage": 0.228}, "model": "agriflora:item/redstone_seed"},
		{ "predicate": {"damaged": 0, "damage": 0.232}, "model": "agriflora:item/quartz_seed"},
		{ "predicate": {"damaged": 0, "damage": 0.236}, "model": "agriflora:item/lapis_seed"},
		{ "predicate": {"damaged": 0, "damage": 0.24}, "model": "agriflora:item/ender_seed"},
		{ "predicate": {"damaged": 0, "damage": 0.244}, "model": "agriflora:item/flint_seed"},
		{ "predicate": {"damaged": 0, "damage": 0.248}, "model": "agriflora:item/diamond_seed"},
		{ "predicate": {"damaged": 0, "damage": 0.252}, "model": "agriflora:item/emerald_seed"}
	]
}
