{
    "parent": "item/generated",
    "textures": {
        "layer0": "items/leather_boots",
        "layer1": "items/leather_boots_overlay"
    },
	"overrides": [
		{ "predicate": {"damaged": 1, "damage": 0}, "model": "item/leather_boots"},
		{ "predicate": {"damaged": 0, "damage": 0}, "model": "item/leather_boots"},
		{ "predicate": {"damaged": 1, "damage": 0.0153846153846154}, "model": "item/leather_boots"},
		{ "predicate": {"damaged": 0, "damage": 0.0153846153846154}, "model": "agriflora:flowers/orecrop0"},
		{ "predicate": {"damaged": 0, "damage": 0.0307692307692308}, "model": "agriflora:flowers/orecrop1"},
		{ "predicate": {"damaged": 0, "damage": 0.0461538461538462}, "model": "agriflora:flowers/orecrop2"},
		{ "predicate": {"damaged": 0, "damage": 0.0615384615384615}, "model": "agriflora:flowers/orecrop3"}
	]
}
